桂林鑫海国际影城,25.267423,"110.317353
            ","""桂林市七星区辅星路13号鑫海国际大厦4楼连接体""","(0773)5832211,(0773)5851177"
桂林梦露影城,25.259352,"110.285331
            ","""桂林市象山区环城西一路117号(联达商业广场4号楼)""",(0773)3555678
吉米网咖(琦宇店),25.283047,"110.302465
            ","""文化宫路联发中心综合楼二",(0773)2209755
新时代环球影城,25.226238,"110.294749
            ","""广西桂林市象山区凯风路90号万福广场1号楼4楼""",(0773)7790929
甲天下体育休闲广场,25.267529,"110.315354
            ","""国际会展中心C2厅""",(0773)5869502
炎井温泉,26.318494,"110.965692
            ","""桂林市全州县""","(0773)5699999,(0773)2802666"
桂林红街巨幕影城,25.246889,"110.296509
            ","""桂林市崇信路43号红街商业广场3号楼四层""",(0773)3133889
星星网吧,25.337142,"110.309689
            ","""桂林市灵川县定江镇盈丰路93号（唐亿大酒店楼上）""",18078410918
阳朔县秀水影城,24.783303,"110.501475
            ","""桂林市阳朔县叠翠路19号""",(0773)7956007
乐库量贩式KTV(漓江路),25.266327,"110.313073
            ","""七星区漓江路26号国展购物公园二楼(甲天下肯德基旁)""",(0773)3116700
御水泉休闲会所,25.253198,"110.29237
            ","""中山南路（椿记烧鹅旁，超越神话对面路口）""",(0773)3852777
重庆富侨浴足保健(桂林店),25.266493,"110.293094
            ","""上海路26号凯恩斯商务酒店3楼""",(0773)2119999
纯K量贩KTV,25.257592,"110.334769
            ","""七星新城1楼（五里店南城百货1楼）""",(0773)5866555
威尼士休闲会所,25.282038,"110.303177
            ","""依仁路34号劳动保险大厦4层""",(0773)2816668
水汇休闲会所,25.269817,"110.317229
            ","""辅星路2号""",(0773)5831999
汤臣水疗会所,25.266429,"110.318276
            ","""漓江路20号(近桂林观光酒店)""",(0773)5869888
红人KTV,25.285384,"110.300734
            ","""秀峰区解放西路16-36号(微笑堂停车场对面",(0773)6888888
梦幻剧场,25.263193,"110.330343
            ","""七星路95号梦幻剧场(近国土资源部岩溶地质研究所)""",(0773)5811825
新汇众网络方舟网吧,25.258492,"110.317662
            ","""穿山东路12号体育馆对面""",(0773)5855700
波斯宫娱乐会所,25.258282,"110.323052
            ","""空明西路高新技术开发区1号小区（贵湖苑食府旁边）""",(0773)5833456
御品堂养生会所,25.266531,"110.312373
            ","""漓江路26号(南城百货旁)国展购物公园3层""",(0773)5584488
春都健康休闲会所,25.275935,"110.295012
            ","""中山中路3号维也纳酒店2楼（近中山南路）""",(0773)2891988
歌巢量贩KTV,25.267476,"110.317302
            ","""辅星路18号甲天下广场鑫海国际大厦2号楼5楼(近漓江路)""",(0773)2862288
贵宾楼自助KTV,25.259982,"110.286001
            ","""象山区环城西一路117号(联达商业广场)""","(0773)2671118,2671000"
扬州休闲中心,25.275443,"110.29211
            ","""南门桥朱紫巷2号(丹桂大酒店后面)""",(0773)3818559
佰迪乐KTV(桂林北极广场店),25.308824,"110.306216
            ","""中山北路97号佰宫精品酒店丰裕店3/4层""",(0773)2535555
马可波罗,24.781684,"110.501917
            ","""桂林阳朔县阳朔西街85号""",(0773)8887070
超越神话,25.253613,"110.293062
            ","""崇信路50号中水国际酒店""",(0773)3868888
玛丽奥电玩,25.28499,"110.302966
            ","""中山中路38号大世界科技城地下商场内""",(0773)5851196
松湖度假村,25.494524,"110.197059
            ","""青狮潭旅游度假区附近""",(0773)2320816
乾龙阁浴足按摩桑拿休闲中心,25.239069,"110.302228
            ","""婵娟健康烘焙馆(瓦窑路)附近""",(0773)3972889
迈克量贩式主题KTV,25.277205,"110.333097
            ","""普陀路40号钓鱼台广场内东侧""","(0773)2626168,(0773)2623168"
汶昌网吧,25.274742,"110.299693
            ","""文明路37-5号汇通写字楼2层""",(0773)2283189
花都国际,25.268053,"110.31713
            ","""辅星路13号鑫海国际商务综合楼3、4楼""",18278372248
叠彩电影院,25.300301,"110.303523
            ","""中山北路43号""",(0773)2133978
元之源,25.268327,"110.32456
            ","""七星路39号新天地二期T01栋三楼""",(0773)2839873
红街养生休闲会所,25.247707,"110.296051
            ","""崇信路43号红街商业广场7号楼5-6楼(陆军学院旁)""",(0773)3552666
K-SHOW时尚主题KTV,25.283751,"110.302683
            ","""依仁路38号富城商厦A栋2层""",(0773)2800555
绮梦阁按摩中心休闲会所,25.25415,"110.21465
            ","""天下桂林商业步行街f4-13""",(0773)5583313
CD站网吧,25.281974,"110.303508
            ","""依仁路24号2层""",(0773)2802277
桂足林,25.289715,"110.293162
            ","""西凤路14号""",13788742963
维多利亚商务娱乐会所,25.267451,"110.278504
            ","""翠竹路17-1号""",(0773)3808818
国会娱乐商务会所,25.283832,"110.303557
            ","""解放东路21号""",(0773)2810333
德熠堂中医养生馆,25.281293,"110.310231
            ","""东江解放桥头六匹马旁""",(0773)5850000
新世纪网吧(中山南路),25.271872,"110.292442
            ","""中山南路90-9号智诚商场""",18577385189
金兰轩浴足休闲中心,25.266115,"110.324541
            ","""漓江路3号三星大厦二楼""",(0773)5803797
浩源休闲会所,25.271053,"110.294025
            ","""广西省桂林市雉山路108号郦峰饭店""",(0773)3838918
金湖网吧,25.276802,"110.299562
            ","""文明路7号综合2楼""",13635190702
麦潮KTV,24.78647,"110.504719
            ","""阳朔县滨江路五悦酒店负一楼""",(0773)8885558
漓水·古越剧场,24.754668,"110.49919
            ","""桂林市阳朔县叠翠路(阳朔公园大门旁)游客集散中心旅游部图腾古道景区内""",(0773)2863555
歌立方量贩KTV,25.26785,"110.290738
            ","""中山南路74号格林豪泰酒店3楼（火车南站对面）""",(0773)3558888
乐库量贩式KTV(崇信路),25.24681,"110.296366
            ","""崇信路43号红街商业广场4号楼三层（陆军学院旁）""",(0773)3605151
北海道养生休闲会所,25.282237,"110.304856
            ","""正阳步行街126-2号(大维饮品楼上)""",(0773)2866818
灵川县飞豹真人CS野战俱乐部,25.337281,"110.336338
            ","""八里街大河乡南州村下南州岛""",13597309352
好声音KTV,25.349121,"110.318445
            ","""八里街八里四路金水湾国际大酒店八里街店3楼""",(0773)3630555
金色年华娱乐会所,25.269447,"110.291457
            ","""中山南路126号金源大厦1层""",(0773)3559918
大瀑布桑拿康体中心,25.279259,"110.302932
            ","""秀峰区杉湖北路1号大瀑布饭店1楼""",(0773)8814625
K歌王量贩式KTV,25.284459,"110.326622
            ","""桂林市七星区六合路花园村304号（理工大学后门往桂电方向100米左右）""",(0773)2671108
华夏良子足道,25.279527,"110.299069
            ","""秀峰区榕湖南路1号""",(0773)2897899
地球村酒吧,24.781104,"110.501129
            ","""阳朔县其他西街口F栋106号(迎宾超市对面)""","13737398584,13977330744"
情人网络会所,25.273462,"110.329478
            ","""七星区普陀路37号""",(0773)5839177
音悦汇,25.311531,"110.30644
            ","""中山北路113号(北极广场往北88米)广运·美居购物广场4层""",(0773)3133999
星美国际影城桂林店（原1905影城）,25.310946,"110.307046
            ","""桂林市叠彩区中山北路113号广运美居商贸城A1区四层（沃尔玛旁）""",(0773)3133999
泰和堂(穿山东路店),25.258853,"110.317611
            ","""穿山东路东晖国际正对面""",13978350680
桂林福旺城影院,25.254666,"110.215454
            ","""桂林市临桂金水路步行街旁福旺城购物广场4楼""",(0773)3661799
雅典娜足浴中心,25.3448,"110.31299
            ","""八里一路9附近""",(0773)6592135
梦都量贩式KTV,25.247701,"110.296
            ","""桂林市七星区崇信路43号红街商业广场3层""",(0773)3118166
金碧辉煌,25.284075,"110.306695
            ","""秀峰区解放东路10号(近微笑堂)""",13457361761
龙耀网吧,25.939279,"111.079599
            ","""广西壮族自治区桂林市全州县凤凰中路""",(0773)6920088
港岛聚福网络(旗舰店),25.34997,"110.316929
            ","""八里四路附近""",18078386388
中港网吧,25.282915,"110.301844
            ","""中山中路26号""",13635190702
大众浴池,25.347535,"110.315407
            ","""广西壮族自治区桂林市灵川县八里街川东一路52号2层""",18978652028
康林洗浴按摩中心,25.34613,"110.312599
            ","""八里二路75号""",15677329799
富侨保健(临桂店),25.254197,"110.194473
            ","""临桂新区世纪大道奥林匹克花园领峰阳光商业街1019号""",(0773)3681188
足顶阁保健休闲会所,24.995611,"109.994499
            ","""永福县其他ll连江路商业步行街144号""",(0773)8555066
紫缘网吧(桂林市教育局东南),25.283597,"110.304681
            ","""秀峰区正阳步行街79号地下一层(桂林市教育局东南)""","(0773)2819567,(0773)2839567"
摄生堂（正阳店）,25.283891,"110.305122
            ","""正阳路31号市卫生健康大厦负一层""",(0773)2819165
金山广场,25.252452,"110.215065
            ","""桂林市临桂区""",(0773)5802065
裕喜美容按摩休闲中心,25.283377,"110.317036
            ","""六合路栖霞桥头六合花园门口西侧第3家店铺""",13977305931
清风网络会所,25.34162,"110.310822
            ","""广西壮族自治区桂林市灵川县八里街定江镇政府综合楼二楼""",13707732790
港岛网络中心,25.266289,"110.30968
            ","""施家园路38-48号""",(0773)5848438
卡乐量贩式KTV,25.253806,"110.216747
            ","""金水路临桂大圆盘金山大酒店二楼（金山广场公交站旁）""",(0773)5588077
乐活城,25.246748,"110.295885
            ","""崇信路红街商业广场4号楼1楼(近红街商业广场)""",(0773)3133899
泰和堂(滨江大厦北),25.282104,"110.30698
            ","""滨江南路18号滨江大厦(近百度娱乐城)""",(0773)2850550
阳光水疗会所,25.279231,"110.304676
            ","""正阳路步行街2号阳光王朝酒店负1楼""",(0773)3191333
莫尔星都夜总会,25.284252,"110.303557
            ","""解放东路文化宫工会大厦三楼""",(0773)2106655
飞龙网吧,25.342252,"110.312
            ","""八里街附近""","(0773)3832929,(0773)2671000,(0773)2671118"
爱足堂,25.25107,"110.292103
            ","""崇信路南溪山医院对面大正温泉酒店内(近大正溫泉酒店)""",18978668002
瑶乡浴足休闲,25.277802,"110.292466
            ","""信义路2号""",(0773)2891498
大拇指经络按摩,24.778839,"110.488747
            ","""桂林市阳朔县兰花路18号""",13768719206
港岛网咖(小苹果店),25.417686,"110.332838
            ","""灵南路钢厂路口对面清泽小区综合二楼""",13978317196
金碧辉煌KTV,24.779778,"110.497453
            ","""阳朔县其他蟠桃路68号新西街大酒店3楼(新西街大酒店)""",(0773)8818767
田家河休闲中心,24.77124,"110.513352
            ","""田园路7号""",13558436290
天之宝休闲养生会所,25.271624,"110.323311
            ","""三里店会仙路8号（公园绿涛湾商业步行街4号）""",(0773)5896999
i-Ma依陌数字生活馆,25.267715,"110.326433
            ","""普陀路驼山大厦2楼（近三里店大圆盘）""",(0773)3675333
鸿艳按摩浴足,25.33772,"110.310196
            ","""桂林市叠彩区""",(0773)2820094
阳朔树懒咖啡主题旅馆,24.780395,"110.493565
            ","""碧莲巷19号(乐寻宾馆西北侧50米)""","18977397766,(0773)8818177"
皇嘉凯歌商务会所,25.285893,"110.303436
            ","""秀峰区中山中路38号大世界智能大厦2楼(近中山北路)""",(0773)2840888
晨盛网吧,25.933655,"111.075666
            ","""全州县其他民主路58号""",(0773)2150356
完美桌球棋牌休闲会所,25.282112,"110.306439
            ","""滨江路环球大酒店旁边图书市场2楼""",(0773)2856855
蓝天碧水休闲中心,25.313314,"110.307583
            ","""桂林市叠彩区""",15978004923
丽都KTV娱乐会所,25.279155,"110.291875
            ","""广西壮族自治区桂林市秀峰区信义路5号1-1-2层""",(0773)2855728
玩泥吧陶艺馆,25.266795,"110.317726
            ","""鑫海国际五栋1-6号""",(0773)5809909
乐城量贩式KTV,25.940386,"111.082217
            ","""桂黄北路147号北乐门大酒店3楼""",(0773)4836888
安然纳米汗蒸馆(大风山店),25.214178,"110.29448
            ","""大风山凯风路78号凯风大厦1楼东北角（工行对面）""",(0773)3600889
万隆网络,25.313394,"110.302422
            ","""广西壮族自治区桂林市叠彩区圣隆路1号""",15878334983
安然纳米汗蒸馆(阳朔店),24.780803,"110.487738
            ","""大村门开发区兰花路三巷41号1楼(阳朔车站)""",15007836395
康利来足浴,24.783508,"110.503356
            ","""叠翠路2号""",15878365386
红鑫娱乐生活吧KTV,25.274841,"110.283975
            ","""东安街72号7天连锁酒店三楼""",(0773)3829773
金海岸-阳光假日足浴中心,24.996005,"109.995037
            ","""迎宾路永福汽车站斜对面""",(0773)8568899
夏威夷网络,25.310632,"110.423508
            ","""桂林市灵川县""",18290104720
螃蟹沟,25.897808,"110.219443
            ","""矮岭温泉景区内""",13667731318
鱼儿吻鱼疗馆正阳1店,25.280715,"110.304102
            ","""正阳步行街95号(味香馆对面)""","(0773)2133231,(0773)2133323"
安然纳米汗蒸馆(八里街店),25.348167,"110.319921
            ","""八里街九龙花园6栋3号""",15078384582
御手国医馆,25.937771,"111.079403
            ","""中心北路中段阿迪达斯专卖店旁二楼""",13457684191
百悦浴足养生休闲馆,25.286724,"110.341815
            ","""金鸡路1号百悦酒店三楼（桂电东区南侧门），公交车10路、24路桂电东区站台下车即到""",(0773)5601155
安然纳米汗蒸馆(中央尊馆店),25.263689,"110.292335
            ","""上海路中央尊馆9号门""",18290138511
名都按摩城,25.605413,"110.681275
            ","""双灵路（银杏广场对面）""",(0773)6211158
安然纳米汗蒸馆(同心店),25.2443,"110.301047
            ","""瓦窑口同心路同心园小区旁(加油站往里走150米同心路同心园小区旁)""",18677339386
中国石油天然气第六建设公司桂林石油度假村,25.260004,"110.334657
            ","""桂林七星路95号""",(0773)5885515
中威健康养身会所,24.783259,"110.497579
            ","""阳朔县其他宝泉路12号阳朔公园后门（阳朔质检站门面）(尺水街秀水影城)""",(0773)8828518
蓝月亮KTV,25.268299,"110.326887
            ","""三里店大圆盘运管处1/2楼""",(0773)5851198
昌盛网吧,25.938511,"111.079653
            ","""桂林市全州县""",(0773)8888888
安然纳米生物波汗蒸馆（银庄巷店）,25.347478,"110.320217
            ","""八里街八里四路七彩学府幼儿园斜对面银庄巷2号""","13347569907,15577331236"
临桂影剧院,25.252556,"110.212638
            ","""世纪东路1""",(0773)5591181
新世纪网吧(兴龙中路店),25.800747,"110.015134
            ","""兴龙中路附近""",(0773)7586080
水水浴足按摩,25.608595,"110.678734
            ","""花荷路永康药房旁""",(0773)7980102
新天地休闲庄,24.625339,"110.672732
            ","""323国道附近""",15977347363
百度KTV,25.282217,"110.307391
            ","""滨江南路18号滨江大厦3层""",(0773)8211819
安然纳米汗蒸悠然休闲吧,25.272993,"110.310588
            ","""七星区施家园路隐龙居21号门面(出入境办证中心斜对面)""","13627830836,13978342168"
中影金晟影城,25.309179,"110.307231
            ","""贵港市中山北路1号吉田乐城5楼(吉田大厦旁)""",13307739036
新世纪养生馆,25.933883,"111.077653
            ","""中心路4号盛辉宾馆7楼""",(0773)8691866
鱼疗养生馆,25.270289,"110.291062
            ","""中山南路55号(喜唰唰火锅旁)""",13377308089
芭堤雅酒店-棋牌室,24.775507,"110.502284
            ","""进士路14""",(0773)7956666
泽鑫桑拿休闲中心,25.229837,"110.296854
            ","""凯风路128号""",13557931424
巴厘岛网吧,24.782971,"110.502041
            ","""阳朔县其他中国广西壮族自治区桂林市阳朔县桂花路6号""",18977387367
爱足堂(田园路店),24.765827,"110.509848
            ","""阳朔县其他田园路碧玉国际大酒店内""",(0773)8888336
银座休闲会所,24.842283,"110.83597
            ","""恭城瑶族自治县其他城中西路(城中西路马仔酒楼)""",(0773)8391111
明珠会KTV娱乐会所,25.265619,"110.291618
            ","""上海路东方明珠大酒店旁""",(0773)3558588
天姿休闲,25.33837,"110.309474
            ","""桂林市叠彩区""",(0773)2669890
银杏广场,25.604702,"110.681929
            ","""桂林市兴安县""",15678331151
永健中医推拿康复,25.269884,"110.292757
            ","""象山区雉山路27-5号""",15277399406
静昕休闲会所,25.803613,"110.017195
            ","""古龙路8""",(0773)7518088
环宇网吧,24.843629,"110.837441
            ","""茶南路13号""",15777385986
湖南会馆,24.840946,"110.838216
            ","""阳朔县其他恭城县城太和街""",(0773)7899199
皇家国际娱乐会所,25.257831,"110.213968
            ","""榕山路203号""",14795942288
乐满地矿温泉,25.595577,"110.684149
            ","""广西桂林市兴安县志玲路，乐满地度假酒店内。""",(0773)6229898
小蒋盲人按摩店,24.781902,"110.500081
            ","""阳朔县阳朔镇城中路城中城E205号门面""",18778300228
唯美休闲会所,24.779399,"110.488148
            ","""兰花路荔浦小郑草药店旁""",(0773)8888478
金港商务娱乐会所,24.628222,"110.669542
            ","""新安街平乐车站旁""",(0773)7888777
七星真人CS野战营(尧山基地),25.297955,"110.376197
            ","""尧山索道入口旁向内50米""",13321633163
安然纳米汗蒸馆(临桂店),25.253825,"110.204458
            ","""世纪东路32号佳和花园大门右侧100米处（九天家私旁）""","(0773)5599677,18077372003"
旖也爱也,24.78843,"110.49854
            ","""广西壮族自治区桂林市阳朔县""",(0773)7955777
娜娜咖啡,24.781792,"110.500996
            ","""阳朔县其他桂花路99号(近桂花井)""",(0773)8819999
桂林象山广场,25.273648,"110.300015
            ","""民主路52号""",(0773)2857643
安然纳米汗蒸馆(临桂天下步行街店),25.257189,"110.215906
            ","""天下步行街D4-14号(二七一地质队)""",15578350815
安然纳米汗蒸馆,26.041704,"110.652589
            ","""中心广场西延中路14号""",15277393321
天龙城网络,25.41818,"110.33339
            ","""灵川县其他灵东路""",(0773)2825900
安然纳米汗蒸馆(朝阳路店),25.2715,"110.33962
            ","""朝阳路口蓝桥办公楼2楼（水磨坊左侧）""",(0773)2230508
按摩足疗,25.33881,"110.311382
            ","""桂林市灵川县""",13788548572
古榕山庄,24.741101,"110.498088
            ","""十里画廊工农桥附近""",(0773)8829081
梦芝缘休闲吧,25.497092,"111.17107
            ","""兴灌路与滨江西路交汇处""",(0773)4258118
七度,25.283204,"110.311969
            ","""解放桥头东江路28-13号（红灯笼小龙虾对面）""",13977396686
鱼儿吻鱼疗馆(NO.16店),24.779937,"110.498898
            ","""新西街D105号(阳朔老汽车站出口往西街方向50米)""","15813301224,15977095725"
环球网吧,25.804,"110.016841
            ","""临江街2号""",13557139879
鑫满意足养生馆,25.605636,"110.681054
            ","""四贤路97号""",13878370223
阳朔故事,24.782253,"110.501784
            ","""阳朔县其他桂花路47号(西街)""",15907736714
皇庭保健按摩足浴,25.349862,"110.317594
            ","""八里四路与川东二路交叉口西""",13321633163
安然纳米汗蒸馆(七星店),25.27005,"110.321726
            ","""七星路家乐城对面澳门酒家旁(金龙寨对面)""",13077609723
龙胜县龙脊镇茗泉山庄,25.819297,"110.161431
            ","""广西壮族自治区桂林市龙胜各族自治县龙脊镇龙脊梯田金坑风景名胜区""",13457317250
唱享6+1量贩式KTV,25.252864,"110.292344
            ","""崇信路50-1号广西集群e家商厦3楼（椿记烧鹅南溪店旁）""",(0773)3672000
安然纳米汗蒸馆(福旺城店),25.255265,"110.216157
            ","""临桂区金水路19号(福旺城副楼对面二楼",13481373882
炫酷时空动漫城,25.247707,"110.296051
            ","""象山区崇信路红街商业广场7号楼2层""","18934777123,15877010626"
歌佬汇KTV,25.244774,"110.32463
            ","""环城南一路银龙水晶宫往东北方向100米路南""",15601099307
安然纳米汗蒸馆,25.321073,"110.310617
            ","""中山北路148号灯饰精品区内""",13878365588
双龙生态园,25.172586,"110.388805
            ","""桂林绕城高速公路""",18685550005
安然纳米汗蒸馆(安新州),25.263623,"110.300516
            ","""安家路32号""",(0773)3633481
开心网吧,24.625595,"110.670554
            ","""桂林市平乐县""",(0773)7897999
紫京城丝足,25.608022,"110.68014
            ","""桂林市兴安县""",15977330452
天缘网吧(大兴线店),25.191231,"110.432099
            ","""113县道老百信大药房附近""",(0773)3630333
正元堂(滨江路店),25.279509,"110.305458
            ","""滨江路66号一楼(四季春天隔壁)",18707833478
真龙休闲吧,25.410903,"110.333413
            ","""滨江东路附近""",13321633588
环球网吧,24.83723,"110.836596
            ","""贸易公司1""",(0773)5801869
盛世歌巢,24.781931,"110.502252
            ","""桂林市阳朔县文化古迹山水园附近""",15678366809
隆豪国际俱乐部,25.247164,"110.29598
            ","""崇信路43号红街商业广场4号楼三楼""",(0773)3625050
足手缘修脚堂,25.268285,"110.296274
            ","""广西壮族自治区桂林市象山区雉山路7-2号""",(0773)2230880
奇域·雷龙网吧桂林七彩小康城潮流店,25.349281,"110.320183
            ","""桂林市灵川县""",13321632626
韩都汗蒸美容养生馆,25.251388,"110.206632
            ","""虎山路25号""",(0773)6926118
镭神真人cs野战俱乐部(七星公园店),25.276799,"110.318065
            ","""七星路1号（七星公园内，老动物园区）""",13321633163
正德堂,25.267788,"110.3314
            ","""半塘路古莲文化街C区8号""",18877383112
新汇众网络情人网吧,25.273781,"110.329489
            ","""七星区普陀路37号""",(0773)5839177
飞达网吧,24.845627,"110.838181
            ","""桂林市恭城瑶族自治县""",13737339795
皇冠钱柜KTV,25.802705,"110.013957
            ","""兴龙西路西城步行街入口农业银行对面""",(0773)7518333
天缘网吧,24.628738,"110.667926
            ","""平乐镇新安街112号""",(0773)7888962
万里桥吃奶鱼,25.617664,"110.680923
            ","""兴安镇水街万里桥下""",(0773)6565188
首彩葡萄酒体验店,25.259888,"110.286147
            ","""联达商业广场3楼(扶手电梯口)""",(0773)3612226
世界之窗KTV,25.80849,"110.020586
            ","""龙胜农村商业银行旁""",(0773)7517388
水源山,25.517326,"110.236096
            ","""一一二省道青狮村段""",(0773)6321888
天上人间(城中西路店),24.844343,"110.832491
            ","""城中西路87""",18376371388
领地咖啡,24.625542,"110.670143
            ","""滨江道旧教育局后门""",(0773)7885889
鸿泰休闲按摩城,25.416595,"110.337037
            ","""桂林市灵川县""",(0773)6821296
御足阁学洲区至尊店,25.484575,"111.158756
            ","""桂林市灌阳县""",13132937377
铭华休闲中心,24.78046,"110.488056
            ","""画山路15号附近""",(0773)8883389
天天健专业按摩中心,24.83609,"110.841415
            ","""拱辰东路附近""",13471328022
安然纳米汗蒸会所(瓦窑兴进店),25.236849,"110.310937
            ","""兴进臻园门面108号（幸福家小区大门对面）""",(0773)2218304
颐道来养生馆,25.289657,"110.302821
            ","""三皇路3号1栋3号铺""",18378089527
金玉煌朝商务会所,25.2854,"110.300568
            ","""解放西路16-3号鑫潮大厦6层""",(0773)2805111
背包客露天酒吧,24.782702,"110.502627
            ","""桂林市阳朔县""",18778353332
弘鑫足道,25.350337,"110.318717
            ","""川东二路中""",15977442802
青青网吧,25.493838,"111.16447
            ","""共和路3号""",18290168785
扶阳松养生会所（金茂城店）,24.502974,"110.403124
            ","""荔浦县其他荔柳路金茂城(老政府大院)""",15078313908
中逵国际钓具(桂林恭城店),24.835659,"110.832013
            ","""拱辰西路46号八桂蚕坊西侧20米""","(0773)6997705,14795912086"
竹筏漂流,24.917417,"110.784443
            ","""786乡道附近""",(0773)7519977
回到过去,24.624266,"110.674086
            ","""桂林平乐县桂江桥底桂江名都(桂江桥底往前200米)""",(0773)7866680
李萍咖啡屋,24.781975,"110.500777
            ","""阳朔县其他阳朔桂花路28号(蜜芝林隔壁)""",(0773)8822663
乐康推拿中心,24.779017,"110.487979
            ","""奥伦英文书院(中共阳朔县教育局纪律检查委员会北)附近""",13558136454
地球人动漫城,24.629388,"110.667946
            ","""近魔方大厦""",(0773)6215777
爱尚咖啡屋,25.940359,"111.08096
            ","""桂林全州县中心北路与凤凰中路交汇处""",15277317033
漫步休闲吧,24.78245,"110.500893
            ","""桂花路阳光100(鲜花满屋客栈对面)""",13677862406
云顶娱乐会所,25.938994,"111.079684
            ","""中心北路36""",(0773)4812222
龙凤养生馆,25.592984,"110.685584
            ","""志玲路乐满地度假酒店B1楼""",(0773)6229988
汇铭轩（安厦世纪城店）,25.249317,"110.298714
            ","""安厦世纪城水街24号门面""",15907738026
欢唱量贩KTV,26.041483,"110.651566
            ","""西延北路1号附近""",13978362061
乐仙阁休闲山庄,25.271424,"110.386731
            ","""广西壮族自治区桂林市七星区""",13077622628
志高力微棋牌室,25.284501,"110.301371
            ","""微笑堂后俯后里（老北京卤肉卷后2楼）""",18078443520
泡泡龙动漫城,25.310759,"110.306609
            ","""中山北路113号(北极广场往北88米)广运·美居购物广场B1层""",13005959891
新辉煌休闲中心,24.780505,"110.487928
            ","""桂林市阳朔县""",(0773)3996855
星牌台球,25.273592,"110.292682
            ","""中山南路73号(帝豪商务宾馆2楼)""",18659987700
姿雅雅养生会所瑶氏神斑直营店,25.277113,"110.296493
            ","""西城步行街口佳信华庭二单元704""",(0773)2869958
安然纳米汗蒸馆,25.299682,"110.321932
            ","""冠泰·水晶城3-1-11""",13152589418
奇奇乐深海迷城,25.266554,"110.312764
            ","""漓江路26号(南城百货旁)国展购物公园4层""",18978362821
银座娱乐会所,25.937216,"111.078913
            ","""中心北路12号（红玫瑰快餐店北隔壁2楼）""",(0773)4831111
千淇益智绘画乐园,25.310923,"110.306939
            ","""中山北路113号(北极广场往北88米)广运·美居购物广场3层""",(0773)2303533
梦香格休闲中心,24.628575,"110.666099
            ","""新安街滨江道55""",(0773)4319931
金碧大地商务娱乐会所,24.778297,"110.504488
            ","""广西壮族自治区桂林市阳朔县阳朔镇观莲路1号碧莲江景大酒店1楼(近富安码头)""",(0773)8886666
东郎山休闲中心,24.779342,"110.487032
            ","""桂林市阳朔县""",(0773)8814896
名源浴足按摩,25.606454,"110.680437
            ","""18米路附近""",(0773)8219521
盲人保健按摩中心,24.836555,"110.840068
            ","""拱辰东路105号附近""",15577428266
水汇休闲会所,24.779239,"110.486763
            ","""阳朔县其他八里四路和川东一路交叉口(原旺湘楼)""",(0773)8813897
真龙寨山庄,25.671839,"110.241392
            ","""青狮潭镇黄梅梅田""",13066938515
楼外楼娱乐会所,25.932453,"111.076535
            ","""滨江中路107号""",15077312688
康乐足道,25.344155,"110.316485
            ","""桂林市灵川县""",(0773)7970320
帝豪之夜KTV,25.940384,"111.082217
            ","""桂黄北路147号北乐门大酒店2楼""",(0773)4819899
盛世之花养生馆,25.493191,"111.168326
            ","""桂林市灌阳县""",(0773)4253132
新西街国际大酒店-棋牌室,24.774756,"110.492118
            ","""荆凤路33""",(0773)8888888
朴桃咖啡,24.785343,"110.500734
            ","""阳朔县其他城北路41号(公安局斜对面)""",18978370677
黑石酒吧,24.78203,"110.50099
            ","""桂花路19号""",13457360381
戏骨网吧,24.792814,"110.565788
            ","""桂林市阳朔县""",13788032109
臻品轩,25.419463,"110.326349
            ","""桂林灵川县灵西路34-79号""",(0773)6817868
86酒吧,24.781502,"110.501459
            ","""阳朔县其他西街86号(西街)""",15978005778
李氏推拿康复中心,25.939311,"111.076241
            ","""凤凰中路凤凰花园底商""",18277335898
富祥足浴中心,26.043928,"110.656078
            ","""202省道附近""",(0773)4368789
馨意轩养生馆,25.416794,"110.337118
            ","""灵东路33号""",13471354558
8号COffee屋,25.619462,"110.679534
            ","""其他秦皇宫内8号coffee屋(近水街)""",15878393514
红桥山庄,25.217956,"110.566271
            ","""190乡道附近""",15577313698
安然纳米健康生活馆(玉柴博望园店),25.353706,"110.320003
            ","""玉柴博望园旁""",18978392779
文丽雅修脚屋,26.04547,"110.659197
            ","""广西壮族自治区桂林市资源县x168""",13377063218
枫碧歌厅,25.417728,"110.33367
            ","""灵川县灵东路3号""",(0773)7919968
金色KTV娱乐城,25.604682,"110.680777
            ","""兴安镇文化路4号""",13211599255
好运浴足,25.349948,"110.314581
            ","""桂林市灵川县""",15611320336
艾博师盲人按摩中心,25.606525,"110.682412
            ","""秦皇路附近""",15295968327
好乐迪KTV娱乐城,25.804884,"110.01756
            ","""龙胜各族自治县其他兴龙北路1号""",13788331899
咖啡一号店,25.807336,"110.017378
            ","""桂林市龙胜各族自治县""",13737375989
康源推拿馆,25.417311,"110.336276
            ","""桂林市灵川县灵东路""",(0773)2318895
零典,25.93874,"111.079324
            ","""桂林市全州县""",15977431655
明明养生馆,25.287363,"110.30757
            ","""桂林市秀峰区""",13387735921
壮寨农家乐,25.783575,"110.023964
            ","""桂龙路318号附近""",13132930662
恒乐棋牌室,25.283005,"110.318177
            ","""桂林市七星区""",(0773)2560000
萃馨阁茶庄KTV,25.937717,"111.079083
            ","""全州县其他中心北路2单元-1层-2-2号""",(0773)4832222
杨师傅盲人按摩,25.618865,"110.680402
            ","""灵渠北路147号""",13878370712
王氏专业修脚坊,25.35044,"110.31875
            ","""八里四路与川东二路交叉口北""",18777365786
阳朔县老干部活动中心,24.78395,"110.49705
            ","""阳朔县老年大学附近""",18777317111
古榕古寨,25.428242,"110.08929
            ","""广西壮族自治区桂林市临桂县""",18778356822
